{
  "listings": [
    {
      "id": "6581a8c93451689aab7e1e54",
      "createdAt": "2023-12-19T14:29:29.740Z",
      "updatedAt": null,
      "name": "AquaSplashPark",
      "description": "The best Water Park in and near Mumbai, Pune and Lonavala. Enjoy high-energy slides, chilled out attractions, great food and drinks, in a picturesque location.",
      "slug": "aqua-splash-park",
      "image": "https://a0.muscache.com/im/pictures/9cc86d79-d524-406a-bc5a-32e520f1c2ca.jpg?im_w=720",
      "googleMapsURL": null,
      "googleAdsScript": null,
      "googleAdsMeta": null,
      "googleTagManagerID": null,
      "googleSiteVerificationContent": null,
      "tags": [],
      "keywords": [],
      "languages": ["Hindi", "Marathi"],
      "travelInstructions": [],
      "thingsToDo": [],
      "operationalTimings": [],
      "bestTimings": [],
      "socialMediaURLs": {},
      "attributes": [
        {
          "id": "65819c4eb2377ee310006901",
          "uid": 977725,
          "name": "No. of slides",
          "type": "number",
          "value": 10
        },
        {
          "id": "65819c58b2377ee310006902",
          "uid": 369150,
          "name": "No. of swimming pools",
          "type": "number",
          "value": 3
        },
        {
          "id": "65819cefb2377ee310006903",
          "uid": 842027,
          "name": "Depth of swimming pools",
          "type": "number",
          "value": 2
        },
        {
          "id": "65819cffb2377ee310006904",
          "uid": 231168,
          "name": "Restrooms",
          "type": "number",
          "value": 10
        },
        {
          "id": "65819d37b2377ee310006907",
          "uid": 402551,
          "name": "Changing room",
          "type": "number",
          "value": 6
        },
        {
          "id": "65819d4cb2377ee310006909",
          "uid": 441738,
          "name": "Average ticket time",
          "type": "number",
          "value": 5
        },
        {
          "id": "65819d58b2377ee31000690a",
          "uid": 170836,
          "name": "Pool area",
          "type": "number",
          "value": 200
        },
        {
          "id": "65819df4b2377ee31000690e",
          "uid": 820378,
          "name": "Costume",
          "type": "boolean",
          "value": true
        },
        {
          "id": "65819dffb2377ee31000690f",
          "uid": 224509,
          "name": "Locker facility",
          "type": "boolean",
          "value": true
        },
        {
          "id": "65819e1ab2377ee310006912",
          "uid": 720439,
          "name": "Online booking",
          "type": "boolean",
          "value": true
        },
        {
          "id": "65819e12b2377ee310006911",
          "uid": 675814,
          "name": "Ticket window",
          "type": "boolean",
          "value": true
        },
        {
          "id": "65819f0db2377ee310006926",
          "uid": 881711,
          "name": "Kids friendly menu",
          "type": "boolean",
          "value": true
        },
        {
          "id": "65819efbb2377ee310006924",
          "uid": 668720,
          "name": "Dry play area",
          "type": "boolean",
          "value": true
        },
        {
          "id": "65819d10b2377ee310006905",
          "uid": 692777,
          "name": "No. of accident reported in last year",
          "type": "number",
          "value": 2
        },
        {
          "id": "65819d2cb2377ee310006906",
          "uid": 724655,
          "name": "No. of accident reported in last month",
          "type": "number",
          "value": 0
        },
        {
          "id": "65819e2eb2377ee310006913",
          "uid": 522037,
          "name": "Well managed Entry/Exit",
          "type": "boolean",
          "value": true
        },
        {
          "id": "65819e35b2377ee310006914",
          "uid": 403287,
          "name": "Fire alarm",
          "type": "boolean",
          "value": false
        },
        {
          "id": "65819e3db2377ee310006915",
          "uid": 518840,
          "name": "Emergency exit",
          "type": "boolean",
          "value": true
        },
        {
          "id": "65819eabb2377ee31000691b",
          "uid": 882987,
          "name": "Trained staff",
          "type": "boolean",
          "value": true
        },
        {
          "id": "65819eb3b2377ee31000691c",
          "uid": 859298,
          "name": "Ambulance support",
          "type": "boolean",
          "value": true
        },
        {
          "id": "65819ebfb2377ee31000691d",
          "uid": 621652,
          "name": "First-aid service",
          "type": "boolean",
          "value": true
        },
        {
          "id": "65819e7cb2377ee310006918",
          "uid": 429305,
          "name": "Structural audit last month",
          "type": "boolean",
          "value": true
        }
      ],
      "categoriesId": ["6581a580b2377ee310006936"],
      "attributeGroupsId": [
        "6581a168b2377ee310006933",
        "6581a4f5b2377ee310006935"
      ],
      "locationsId": "658410f380d9ccf44f3e40bb",
      "contactsId": null,
      "categories": [{ "id": "6581a580b2377ee310006936", "name": "Water Park" }]
    },
    {
      "id": "6583cebd9e9fd0201daafcdc",
      "createdAt": "2023-12-21T05:35:57.115Z",
      "updatedAt": null,
      "name": "Water Wonders",
      "description": "From the Dead Sea to Niagara Falls, water has a way of drawing us in to take part in its magic. Here 6 water wonders of the world!",
      "slug": "water-wonders",
      "googleMapsURL": null,
      "image": "https://a0.muscache.com/im/pictures/miso/Hosting-978786017108871481/original/eef69d34-b354-456d-94a5-5fe1d1699bf3.jpeg?im_w=720",
      "googleAdsScript": null,
      "googleAdsMeta": null,
      "googleTagManagerID": null,
      "googleSiteVerificationContent": null,
      "tags": [],
      "keywords": [],
      "languages": [],
      "travelInstructions": [],
      "thingsToDo": [],
      "operationalTimings": [],
      "bestTimings": [],
      "socialMediaURLs": {},
      "attributes": [],
      "categoriesId": ["6581a580b2377ee310006936"],
      "attributeGroupsId": [
        "6581a168b2377ee310006933",
        "6581a4f5b2377ee310006935"
      ],
      "locationsId": null,
      "contactsId": null,
      "categories": [{ "id": "6581a580b2377ee310006936", "name": "Water Park" }]
    },
    {
      "id": "65855b1703bb02386b32ef0a",
      "createdAt": "2023-12-22T09:47:03.374Z",
      "updatedAt": null,
      "name": "Aquatic Paradise",
      "description": "From the Dead Sea to Niagara Falls, water has a way of drawing us in to take part in its magic. Here 6 water wonders of the world!",
      "slug": null,
      "googleMapsURL": null,
      "googleAdsScript": null,
      "googleAdsMeta": null,
      "image": "https://a0.muscache.com/im/pictures/hosting/Hosting-1025824570854454630/original/583ef3e1-491c-4ba5-8729-0d37b842b6bc.jpeg?im_w=720",
      "googleTagManagerID": null,
      "googleSiteVerificationContent": null,
      "tags": [],
      "keywords": [],
      "languages": [],
      "travelInstructions": [],
      "thingsToDo": [],
      "operationalTimings": [],
      "bestTimings": [],
      "socialMediaURLs": {},
      "attributes": [],
      "categoriesId": ["6581a580b2377ee310006936"],
      "attributeGroupsId": ["6581a4f5b2377ee310006935"],
      "locationsId": null,
      "contactsId": "65855b1703bb02386b32ef09",
      "categories": [{ "id": "6581a580b2377ee310006936", "name": "Water Park" }]
    }
  ],
  "count": 3
}
