{
  "listing": {
    "id": "6581a8c93451689aab7e1e54",
    "createdAt": "2023-12-19T14:29:29.740Z",
    "updatedAt": null,
    "name": "AquaSplashPark",
    "description": null,
    "slug": "aqua-splash-park",
    "googleMapsURL": null,
    "googleAdsScript": null,
    "googleAdsMeta": null,
    "googleTagManagerID": null,
    "googleSiteVerificationContent": null,
    "tags": [],
    "keywords": [],
    "languages": ["Hindi", "Marathi"],
    "travelInstructions": [],
    "thingsToDo": [],
    "operationalTimings": [],
    "bestTimings": [],
    "socialMediaURLs": {},
    "attributes": [
      {
        "id": "65819c4eb2377ee310006901",
        "uid": 977725,
        "name": "No. of slides",
        "type": "number",
        "value": 10
      },
      {
        "id": "65819c58b2377ee310006902",
        "uid": 369150,
        "name": "No. of swimming pools",
        "type": "number",
        "value": 3
      },
      {
        "id": "65819cefb2377ee310006903",
        "uid": 842027,
        "name": "Depth of swimming pools",
        "type": "number",
        "value": 2
      },
      {
        "id": "65819cffb2377ee310006904",
        "uid": 231168,
        "name": "Restrooms",
        "type": "number",
        "value": 10
      },
      {
        "id": "65819d37b2377ee310006907",
        "uid": 402551,
        "name": "Changing room",
        "type": "number",
        "value": 6
      },
      {
        "id": "65819d4cb2377ee310006909",
        "uid": 441738,
        "name": "Average ticket time",
        "type": "number",
        "value": 5
      },
      {
        "id": "65819d58b2377ee31000690a",
        "uid": 170836,
        "name": "Pool area",
        "type": "number",
        "value": 200
      },
      {
        "id": "65819df4b2377ee31000690e",
        "uid": 820378,
        "name": "Costume",
        "type": "boolean",
        "value": true
      },
      {
        "id": "65819dffb2377ee31000690f",
        "uid": 224509,
        "name": "Locker facility",
        "type": "boolean",
        "value": true
      },
      {
        "id": "65819e1ab2377ee310006912",
        "uid": 720439,
        "name": "Online booking",
        "type": "boolean",
        "value": true
      },
      {
        "id": "65819e12b2377ee310006911",
        "uid": 675814,
        "name": "Ticket window",
        "type": "boolean",
        "value": true
      },
      {
        "id": "65819f0db2377ee310006926",
        "uid": 881711,
        "name": "Kids friendly menu",
        "type": "boolean",
        "value": true
      },
      {
        "id": "65819efbb2377ee310006924",
        "uid": 668720,
        "name": "Dry play area",
        "type": "boolean",
        "value": true
      },
      {
        "id": "65819d10b2377ee310006905",
        "uid": 692777,
        "name": "No. of accident reported in last year",
        "type": "number",
        "value": 2
      },
      {
        "id": "65819d2cb2377ee310006906",
        "uid": 724655,
        "name": "No. of accident reported in last month",
        "type": "number",
        "value": 0
      },
      {
        "id": "65819e2eb2377ee310006913",
        "uid": 522037,
        "name": "Well managed Entry/Exit",
        "type": "boolean",
        "value": true
      },
      {
        "id": "65819e35b2377ee310006914",
        "uid": 403287,
        "name": "Fire alarm",
        "type": "boolean",
        "value": false
      },
      {
        "id": "65819e3db2377ee310006915",
        "uid": 518840,
        "name": "Emergency exit",
        "type": "boolean",
        "value": true
      },
      {
        "id": "65819eabb2377ee31000691b",
        "uid": 882987,
        "name": "Trained staff",
        "type": "boolean",
        "value": true
      },
      {
        "id": "65819eb3b2377ee31000691c",
        "uid": 859298,
        "name": "Ambulance support",
        "type": "boolean",
        "value": true
      },
      {
        "id": "65819ebfb2377ee31000691d",
        "uid": 621652,
        "name": "First-aid service",
        "type": "boolean",
        "value": true
      },
      {
        "id": "65819e7cb2377ee310006918",
        "uid": 429305,
        "name": "Structural audit last month",
        "type": "boolean",
        "value": true
      }
    ],
    "categoriesId": ["6581a580b2377ee310006936"],
    "attributeGroupsId": [
      "6581a168b2377ee310006933",
      "6581a4f5b2377ee310006935"
    ],
    "locationsId": "658410f380d9ccf44f3e40bb",
    "contactsId": null,
    "categories": [
      {
        "id": "6581a580b2377ee310006936",
        "name": "Water Park",
        "description": null,
        "attributesId": [
          "65819c4eb2377ee310006901",
          "65819c58b2377ee310006902",
          "65819cefb2377ee310006903",
          "65819cffb2377ee310006904",
          "65819d37b2377ee310006907",
          "65819d4cb2377ee310006909",
          "65819d58b2377ee31000690a",
          "65819de0b2377ee31000690c",
          "65819df4b2377ee31000690e",
          "65819dffb2377ee31000690f",
          "65819e12b2377ee310006911",
          "65819e1ab2377ee310006912"
        ],
        "listingsId": ["6581a8c93451689aab7e1e54", "6583cebd9e9fd0201daafcdc"],
        "attributes": [
          {
            "id": "65819c4eb2377ee310006901",
            "uid": 977725,
            "name": "No. of slides",
            "description": null,
            "type": "number",
            "canFilter": false,
            "categoriesId": ["6581a580b2377ee310006936"],
            "listingAttributeGroupsId": []
          },
          {
            "id": "65819c58b2377ee310006902",
            "uid": 369150,
            "name": "No. of swimming pools",
            "description": null,
            "type": "number",
            "canFilter": false,
            "categoriesId": ["6581a580b2377ee310006936"],
            "listingAttributeGroupsId": []
          },
          {
            "id": "65819cefb2377ee310006903",
            "uid": 842027,
            "name": "Depth of swimming pools",
            "description": null,
            "type": "number",
            "canFilter": false,
            "categoriesId": ["6581a580b2377ee310006936"],
            "listingAttributeGroupsId": []
          },
          {
            "id": "65819cffb2377ee310006904",
            "uid": 231168,
            "name": "Restrooms",
            "description": null,
            "type": "number",
            "canFilter": false,
            "categoriesId": ["6581a580b2377ee310006936"],
            "listingAttributeGroupsId": []
          },
          {
            "id": "65819d37b2377ee310006907",
            "uid": 402551,
            "name": "Changing room",
            "description": null,
            "type": "number",
            "canFilter": false,
            "categoriesId": ["6581a580b2377ee310006936"],
            "listingAttributeGroupsId": []
          },
          {
            "id": "65819d4cb2377ee310006909",
            "uid": 441738,
            "name": "Average ticket time",
            "description": null,
            "type": "number",
            "canFilter": false,
            "categoriesId": ["6581a580b2377ee310006936"],
            "listingAttributeGroupsId": []
          },
          {
            "id": "65819d58b2377ee31000690a",
            "uid": 170836,
            "name": "Pool area",
            "description": null,
            "type": "number",
            "canFilter": false,
            "categoriesId": ["6581a580b2377ee310006936"],
            "listingAttributeGroupsId": []
          },
          {
            "id": "65819de0b2377ee31000690c",
            "uid": 649385,
            "name": "Rain dance",
            "description": null,
            "type": "boolean",
            "canFilter": false,
            "categoriesId": ["6581a580b2377ee310006936"],
            "listingAttributeGroupsId": []
          },
          {
            "id": "65819df4b2377ee31000690e",
            "uid": 820378,
            "name": "Costume",
            "description": null,
            "type": "boolean",
            "canFilter": false,
            "categoriesId": ["6581a580b2377ee310006936"],
            "listingAttributeGroupsId": []
          },
          {
            "id": "65819dffb2377ee31000690f",
            "uid": 224509,
            "name": "Locker facility",
            "description": null,
            "type": "boolean",
            "canFilter": false,
            "categoriesId": ["6581a580b2377ee310006936"],
            "listingAttributeGroupsId": []
          },
          {
            "id": "65819e12b2377ee310006911",
            "uid": 675814,
            "name": "Ticket window",
            "description": null,
            "type": "boolean",
            "canFilter": false,
            "categoriesId": ["6581a580b2377ee310006936"],
            "listingAttributeGroupsId": []
          },
          {
            "id": "65819e1ab2377ee310006912",
            "uid": 720439,
            "name": "Online booking",
            "description": null,
            "type": "boolean",
            "canFilter": false,
            "categoriesId": ["6581a580b2377ee310006936"],
            "listingAttributeGroupsId": []
          }
        ]
      }
    ],
    "attributeGroups": [
      {
        "id": "6581a168b2377ee310006933",
        "name": "Kids friendly",
        "description": null,
        "attributesId": [
          "65819ed7b2377ee310006920",
          "65819edeb2377ee310006921",
          "65819eebb2377ee310006922",
          "65819ef3b2377ee310006923",
          "65819efbb2377ee310006924",
          "65819f01b2377ee310006925",
          "65819f0db2377ee310006926"
        ],
        "listingsId": ["6581a8c93451689aab7e1e54", "6583cebd9e9fd0201daafcdc"],
        "attributes": [
          {
            "id": "65819ed7b2377ee310006920",
            "uid": 796517,
            "name": "Kids seat",
            "description": null,
            "type": "boolean",
            "canFilter": false,
            "categoriesId": [],
            "listingAttributeGroupsId": ["6581a168b2377ee310006933"]
          },
          {
            "id": "65819edeb2377ee310006921",
            "uid": 677479,
            "name": "Splash pad",
            "description": null,
            "type": "boolean",
            "canFilter": false,
            "categoriesId": [],
            "listingAttributeGroupsId": ["6581a168b2377ee310006933"]
          },
          {
            "id": "65819eebb2377ee310006922",
            "uid": 831386,
            "name": "Toddler equipment",
            "description": null,
            "type": "boolean",
            "canFilter": false,
            "categoriesId": [],
            "listingAttributeGroupsId": ["6581a168b2377ee310006933"]
          },
          {
            "id": "65819ef3b2377ee310006923",
            "uid": 115681,
            "name": "Baby swing",
            "description": null,
            "type": "boolean",
            "canFilter": false,
            "categoriesId": [],
            "listingAttributeGroupsId": ["6581a168b2377ee310006933"]
          },
          {
            "id": "65819efbb2377ee310006924",
            "uid": 668720,
            "name": "Dry play area",
            "description": null,
            "type": "boolean",
            "canFilter": false,
            "categoriesId": [],
            "listingAttributeGroupsId": ["6581a168b2377ee310006933"]
          },
          {
            "id": "65819f01b2377ee310006925",
            "uid": 401672,
            "name": "Feeding room",
            "description": null,
            "type": "boolean",
            "canFilter": false,
            "categoriesId": [],
            "listingAttributeGroupsId": ["6581a168b2377ee310006933"]
          },
          {
            "id": "65819f0db2377ee310006926",
            "uid": 881711,
            "name": "Kids friendly menu",
            "description": null,
            "type": "boolean",
            "canFilter": false,
            "categoriesId": [],
            "listingAttributeGroupsId": ["6581a168b2377ee310006933"]
          }
        ]
      },
      {
        "id": "6581a4f5b2377ee310006935",
        "name": "Safety",
        "description": null,
        "attributesId": [
          "65819d10b2377ee310006905",
          "65819d2cb2377ee310006906",
          "65819e2eb2377ee310006913",
          "65819e35b2377ee310006914",
          "65819e3db2377ee310006915",
          "65819e44b2377ee310006916",
          "65819e4eb2377ee310006917",
          "65819e7cb2377ee310006918",
          "65819e8cb2377ee310006919",
          "65819e9db2377ee31000691a",
          "65819eabb2377ee31000691b",
          "65819eb3b2377ee31000691c",
          "65819ebfb2377ee31000691d"
        ],
        "listingsId": ["6581a8c93451689aab7e1e54", "6583cebd9e9fd0201daafcdc"],
        "attributes": [
          {
            "id": "65819d10b2377ee310006905",
            "uid": 692777,
            "name": "No. of accident reported in last year",
            "description": null,
            "type": "number",
            "canFilter": false,
            "categoriesId": [],
            "listingAttributeGroupsId": ["6581a4f5b2377ee310006935"]
          },
          {
            "id": "65819d2cb2377ee310006906",
            "uid": 724655,
            "name": "No. of accident reported in last month",
            "description": null,
            "type": "number",
            "canFilter": false,
            "categoriesId": [],
            "listingAttributeGroupsId": ["6581a4f5b2377ee310006935"]
          },
          {
            "id": "65819e2eb2377ee310006913",
            "uid": 522037,
            "name": "Well managed Entry/Exit",
            "description": null,
            "type": "boolean",
            "canFilter": false,
            "categoriesId": [],
            "listingAttributeGroupsId": ["6581a4f5b2377ee310006935"]
          },
          {
            "id": "65819e35b2377ee310006914",
            "uid": 403287,
            "name": "Fire alarm",
            "description": null,
            "type": "boolean",
            "canFilter": false,
            "categoriesId": [],
            "listingAttributeGroupsId": ["6581a4f5b2377ee310006935"]
          },
          {
            "id": "65819e3db2377ee310006915",
            "uid": 518840,
            "name": "Emergency exit",
            "description": null,
            "type": "boolean",
            "canFilter": false,
            "categoriesId": [],
            "listingAttributeGroupsId": ["6581a4f5b2377ee310006935"]
          },
          {
            "id": "65819e44b2377ee310006916",
            "uid": 975121,
            "name": "Assembly point",
            "description": null,
            "type": "boolean",
            "canFilter": false,
            "categoriesId": [],
            "listingAttributeGroupsId": ["6581a4f5b2377ee310006935"]
          },
          {
            "id": "65819e4eb2377ee310006917",
            "uid": 462720,
            "name": "Structural audit",
            "description": null,
            "type": "boolean",
            "canFilter": false,
            "categoriesId": [],
            "listingAttributeGroupsId": ["6581a4f5b2377ee310006935"]
          },
          {
            "id": "65819e7cb2377ee310006918",
            "uid": 429305,
            "name": "Structural audit last month",
            "description": null,
            "type": "boolean",
            "canFilter": false,
            "categoriesId": [],
            "listingAttributeGroupsId": ["6581a4f5b2377ee310006935"]
          },
          {
            "id": "65819e8cb2377ee310006919",
            "uid": 481110,
            "name": "Anti skid surface",
            "description": null,
            "type": "boolean",
            "canFilter": false,
            "categoriesId": [],
            "listingAttributeGroupsId": ["6581a4f5b2377ee310006935"]
          },
          {
            "id": "65819e9db2377ee31000691a",
            "uid": 470778,
            "name": "Last maintenance date",
            "description": null,
            "type": "boolean",
            "canFilter": false,
            "categoriesId": [],
            "listingAttributeGroupsId": ["6581a4f5b2377ee310006935"]
          },
          {
            "id": "65819eabb2377ee31000691b",
            "uid": 882987,
            "name": "Trained staff",
            "description": null,
            "type": "boolean",
            "canFilter": false,
            "categoriesId": [],
            "listingAttributeGroupsId": ["6581a4f5b2377ee310006935"]
          },
          {
            "id": "65819eb3b2377ee31000691c",
            "uid": 859298,
            "name": "Ambulance support",
            "description": null,
            "type": "boolean",
            "canFilter": false,
            "categoriesId": [],
            "listingAttributeGroupsId": ["6581a4f5b2377ee310006935"]
          },
          {
            "id": "65819ebfb2377ee31000691d",
            "uid": 621652,
            "name": "First-aid service",
            "description": null,
            "type": "boolean",
            "canFilter": false,
            "categoriesId": [],
            "listingAttributeGroupsId": ["6581a4f5b2377ee310006935"]
          }
        ]
      }
    ],
    "location": {
      "id": "658410f380d9ccf44f3e40bb",
      "createdAt": "2023-12-21T10:18:27.612Z",
      "updatedAt": null,
      "name": "Pune",
      "lat": 18.5204303,
      "lng": 73.8567437
    },
    "places": [],
    "badges": [],
    "packages": [
      {
        "id": "658410b580d9ccf44f3e40b8",
        "createdAt": "2023-12-21T10:17:25.558Z",
        "updatedAt": null,
        "name": "Basic Package",
        "description": null,
        "persons": 4,
        "duration": "1 Day",
        "priceId": "658410b580d9ccf44f3e40b7",
        "listingsId": "6581a8c93451689aab7e1e54",
        "price": {
          "id": "658410b580d9ccf44f3e40b7",
          "createdAt": "2023-12-21T10:17:25.558Z",
          "updatedAt": null,
          "amount": 2000,
          "discount": null,
          "currency": "INR",
          "disclaimer": null
        }
      },
      {
        "id": "658410dc80d9ccf44f3e40ba",
        "createdAt": "2023-12-21T10:18:04.808Z",
        "updatedAt": null,
        "name": "Teams Package",
        "description": null,
        "persons": 12,
        "duration": "1 Day",
        "priceId": "658410dc80d9ccf44f3e40b9",
        "listingsId": "6581a8c93451689aab7e1e54",
        "price": {
          "id": "658410dc80d9ccf44f3e40b9",
          "createdAt": "2023-12-21T10:18:04.808Z",
          "updatedAt": null,
          "amount": 5500,
          "discount": null,
          "currency": "INR",
          "disclaimer": null
        }
      }
    ],
    "reviews": [
      {
        "id": "6583f4e64e433c89ed2f4125",
        "createdAt": "2023-12-21T08:18:46.288Z",
        "updatedAt": null,
        "ratingValue": 4,
        "title": "Lorem Ipsum",
        "content": "Lorem ipsum dolor sit amet, consectetur adipiscing elit ...",
        "flagged": true,
        "flaggedAs": "pending",
        "reviewDetailsId": "6583f4e64e433c89ed2f4124",
        "listingsId": "6581a8c93451689aab7e1e54",
        "reviewersId": "6583f47af60b5f1d2fb526f3",
        "details": {
          "id": "6583f4e64e433c89ed2f4124",
          "createdAt": "2023-12-21T08:18:46.288Z",
          "updatedAt": null,
          "cleanlinessRating": 4,
          "comfortRating": 4,
          "valueRating": 3,
          "servicesRating": 3
        },
        "reviewer": {
          "id": "6583f47af60b5f1d2fb526f3",
          "createdAt": "2023-12-21T08:16:58.685Z",
          "updatedAt": null,
          "name": "John tron",
          "email": "john@tron.com",
          "phone": null,
          "ISO2Code": "IN",
          "verified": false
        }
      },
      {
        "id": "6583f8c53f5b4c9ae9304619",
        "createdAt": "2023-12-21T08:35:17.136Z",
        "updatedAt": null,
        "ratingValue": 5,
        "title": "Lorem ipsum dolor sit amet 🎉",
        "content": "Lorem ipsum dolor sit amet, consectetur adipisicing elit. Maxime cupiditate ab aliquam architecto ut hic voluptatem at odio error doloribus ducimus et, in illum nulla. Aspernatur non veniam dolorum facilis!",
        "flagged": true,
        "flaggedAs": "pending",
        "reviewDetailsId": "6583f8c53f5b4c9ae9304618",
        "listingsId": "6581a8c93451689aab7e1e54",
        "reviewersId": "6583f7826aad45ff309e9f8a",
        "details": {
          "id": "6583f8c53f5b4c9ae9304618",
          "createdAt": "2023-12-21T08:35:17.136Z",
          "updatedAt": null,
          "cleanlinessRating": 4,
          "comfortRating": 4,
          "valueRating": 5,
          "servicesRating": 4
        },
        "reviewer": {
          "id": "6583f7826aad45ff309e9f8a",
          "createdAt": "2023-12-21T08:29:54.498Z",
          "updatedAt": null,
          "name": "John doe",
          "email": "john.doe@tron.com",
          "phone": null,
          "ISO2Code": "IN",
          "verified": false
        }
      }
    ]
  }
}
